iter	MultiClass
0	1.114575968
1	0.9465555871
2	0.828205746
